WBGeneID,class
WBGene00000007,Target Gene Class A1
WBGene00000008,Target Gene Class A1
WBGene00000064,Target Gene Class C
WBGene00000067,Target Gene Class B
WBGene00000081,Target Gene Class A1
WBGene00000107,Target Gene Class A1
WBGene00000136,Target Gene Class A1
WBGene00000172,Target Gene Class A2
WBGene00000212,Target Gene Class A2
WBGene00000214,Target Gene Class A1
WBGene00000215,Target Gene Class A1
WBGene00000216,Target Gene Class A2
WBGene00000218,Target Gene Class A1
WBGene00000219,Target Gene Class A2
WBGene00000264,Target Gene Class C
WBGene00000274,Target Gene Class C
WBGene00000294,Target Gene Class C
WBGene00000302,Target Gene Class A1
WBGene00000515,Target Gene Class A1
WBGene00000522,Target Gene Class C
WBGene00000541,Target Gene Class A2
WBGene00000562,Target Gene Class C
WBGene00000652,Target Gene Class B
WBGene00000781,Target Gene Class C
WBGene00000783,Target Gene Class B
WBGene00000784,Target Gene Class A2
WBGene00000786,Target Gene Class A1
WBGene00000789,Target Gene Class A1
WBGene00000793,Target Gene Class A1
WBGene00000802,Target Gene Class C
WBGene00000885,Target Gene Class C
WBGene00000966,Target Gene Class A1
WBGene00000971,Target Gene Class A1
WBGene00000977,Target Gene Class A1
WBGene00001046,Target Gene Class C
WBGene00001099,Target Gene Class A2
WBGene00001137,Target Gene Class B
WBGene00001149,Target Gene Class B
WBGene00001157,Target Gene Class A1
WBGene00001158,Target Gene Class B
WBGene00001163,Target Gene Class A1
WBGene00001243,Target Gene Class A2
WBGene00001247,Target Gene Class B
WBGene00001413,Target Gene Class C
WBGene00001468,Target Gene Class A2
WBGene00001500,Target Gene Class A2
WBGene00001501,Target Gene Class B
WBGene00001506,Target Gene Class B
WBGene00001578,Target Gene Class A2
WBGene00001581,Target Gene Class A2
WBGene00001597,Target Gene Class C
WBGene00001638,Target Gene Class B
WBGene00001663,Target Gene Class A1
WBGene00001670,Target Gene Class A1
WBGene00001681,Target Gene Class A1
WBGene00001745,Target Gene Class A1
WBGene00001749,Target Gene Class C
WBGene00001754,Target Gene Class A1
WBGene00001758,Target Gene Class A1
WBGene00001770,Target Gene Class B
WBGene00001774,Target Gene Class A1
WBGene00001784,Target Gene Class B
WBGene00001786,Target Gene Class A1
WBGene00001794,Target Gene Class C
WBGene00001795,Target Gene Class A2
WBGene00001814,Target Gene Class A1
WBGene00001819,Target Gene Class A1
WBGene00001863,Target Gene Class C
WBGene00001898,Target Gene Class A1
WBGene00001994,Target Gene Class A1
WBGene00002005,Target Gene Class C
WBGene00002016,Target Gene Class C
WBGene00002021,Target Gene Class C
WBGene00002025,Target Gene Class A1
WBGene00002032,Target Gene Class C
WBGene00002038,Target Gene Class B
WBGene00002041,Target Gene Class B
WBGene00002043,Target Gene Class B
WBGene00002054,Target Gene Class A2
WBGene00002055,Target Gene Class A2
WBGene00002057,Target Gene Class A2
WBGene00002058,Target Gene Class A2
WBGene00002068,Target Gene Class C
WBGene00002073,Target Gene Class C
WBGene00002094,Target Gene Class B
WBGene00002095,Target Gene Class A2
WBGene00002118,Target Gene Class A1
WBGene00002137,Target Gene Class A2
WBGene00002188,Target Gene Class A1
WBGene00002234,Target Gene Class A2
WBGene00002255,Target Gene Class C
WBGene00002259,Target Gene Class A1
WBGene00002260,Target Gene Class B
WBGene00002263,Target Gene Class C
WBGene00002264,Target Gene Class C
WBGene00002269,Target Gene Class C
WBGene00002271,Target Gene Class C
WBGene00002273,Target Gene Class B
WBGene00002274,Target Gene Class B
WBGene00002275,Target Gene Class C
WBGene00002276,Target Gene Class C
WBGene00002280,Target Gene Class C
WBGene00002299,Target Gene Class A1
WBGene00002497,Target Gene Class C
WBGene00002915,Target Gene Class A1
WBGene00003056,Target Gene Class B
WBGene00003090,Target Gene Class A1
WBGene00003091,Target Gene Class A2
WBGene00003093,Target Gene Class A1
WBGene00003096,Target Gene Class A1
WBGene00003097,Target Gene Class B
WBGene00003106,Target Gene Class A1
WBGene00003174,Target Gene Class A1
WBGene00003243,Target Gene Class C
WBGene00003402,Target Gene Class A1
WBGene00003409,Target Gene Class A1
WBGene00003411,Target Gene Class A2
WBGene00003473,Target Gene Class A1
WBGene00003474,Target Gene Class A1
WBGene00003497,Target Gene Class A1
WBGene00003511,Target Gene Class C
WBGene00003547,Target Gene Class A1
WBGene00003559,Target Gene Class A1
WBGene00003561,Target Gene Class B
WBGene00003572,Target Gene Class A2
WBGene00003607,Target Gene Class A2
WBGene00003621,Target Gene Class A2
WBGene00003648,Target Gene Class C
WBGene00003678,Target Gene Class A1
WBGene00003689,Target Gene Class A2
WBGene00003698,Target Gene Class A1
WBGene00003711,Target Gene Class A1
WBGene00003727,Target Gene Class B
WBGene00003730,Target Gene Class A2
WBGene00003734,Target Gene Class A1
WBGene00003773,Target Gene Class A2
WBGene00003786,Target Gene Class A2
WBGene00003813,Target Gene Class A1
WBGene00003815,Target Gene Class C
WBGene00003828,Target Gene Class A1
WBGene00003840,Target Gene Class A1
WBGene00003845,Target Gene Class B
WBGene00003877,Target Gene Class A2
WBGene00003903,Target Gene Class A1
WBGene00003943,Target Gene Class B
WBGene00003956,Target Gene Class A2
WBGene00003957,Target Gene Class A1
WBGene00003958,Target Gene Class A2
WBGene00003959,Target Gene Class B
WBGene00003964,Target Gene Class B
WBGene00003965,Target Gene Class A1
WBGene00003995,Target Gene Class B
WBGene00003998,Target Gene Class C
WBGene00004000,Target Gene Class C
WBGene00004017,Target Gene Class B
WBGene00004020,Target Gene Class A2
WBGene00004038,Target Gene Class A1
WBGene00004058,Target Gene Class A2
WBGene00004059,Target Gene Class A1
WBGene00004076,Target Gene Class A1
WBGene00004096,Target Gene Class B
WBGene00004128,Target Gene Class A1
WBGene00004149,Target Gene Class B
WBGene00004153,Target Gene Class C
WBGene00004169,Target Gene Class B
WBGene00004191,Target Gene Class A1
WBGene00004197,Target Gene Class A1
WBGene00004235,Target Gene Class C
WBGene00004238,Target Gene Class C
WBGene00004297,Target Gene Class C
WBGene00004358,Target Gene Class A1
WBGene00004373,Target Gene Class C
WBGene00004395,Target Gene Class A1
WBGene00004400,Target Gene Class C
WBGene00004401,Target Gene Class A1
WBGene00004506,Target Gene Class C
WBGene00004737,Target Gene Class C
WBGene00004789,Target Gene Class A2
WBGene00004796,Target Gene Class A2
WBGene00004798,Target Gene Class C
WBGene00004809,Target Gene Class B
WBGene00004859,Target Gene Class B
WBGene00004875,Target Gene Class A1
WBGene00004876,Target Gene Class C
WBGene00004878,Target Gene Class A1
WBGene00004890,Target Gene Class A2
WBGene00004898,Target Gene Class B
WBGene00004922,Target Gene Class B
WBGene00004979,Target Gene Class C
WBGene00004981,Target Gene Class B
WBGene00004985,Target Gene Class C
WBGene00004986,Target Gene Class A1
WBGene00004988,Target Gene Class A2
WBGene00004990,Target Gene Class A1
WBGene00004991,Target Gene Class A1
WBGene00004993,Target Gene Class A1
WBGene00004999,Target Gene Class A1
WBGene00005002,Target Gene Class A1
WBGene00005003,Target Gene Class A2
WBGene00005657,Target Gene Class B
WBGene00005703,Target Gene Class A1
WBGene00006016,Target Gene Class A2
WBGene00006224,Target Gene Class B
WBGene00006372,Target Gene Class C
WBGene00006431,Target Gene Class A2
WBGene00006454,Target Gene Class A1
WBGene00006464,Target Gene Class A2
WBGene00006470,Target Gene Class B
WBGene00006533,Target Gene Class B
WBGene00006609,Target Gene Class A2
WBGene00006617,Target Gene Class B
WBGene00006628,Target Gene Class C
WBGene00006635,Target Gene Class A1
WBGene00006760,Target Gene Class C
WBGene00006794,Target Gene Class C
WBGene00006820,Target Gene Class A1
WBGene00006823,Target Gene Class C
WBGene00006915,Target Gene Class A2
WBGene00006923,Target Gene Class C
WBGene00006940,Target Gene Class C
WBGene00006942,Target Gene Class B
WBGene00007030,Target Gene Class A1
WBGene00007073,Target Gene Class B
WBGene00007112,Target Gene Class A1
WBGene00007131,Target Gene Class B
WBGene00007139,Target Gene Class C
WBGene00007153,Target Gene Class A2
WBGene00007180,Target Gene Class C
WBGene00007220,Target Gene Class A1
WBGene00007228,Target Gene Class A1
WBGene00007248,Target Gene Class B
WBGene00007275,Target Gene Class A1
WBGene00007331,Target Gene Class A1
WBGene00007352,Target Gene Class B
WBGene00007366,Target Gene Class C
WBGene00007368,Target Gene Class B
WBGene00007372,Target Gene Class B
WBGene00007394,Target Gene Class A1
WBGene00007404,Target Gene Class A1
WBGene00007422,Target Gene Class A1
WBGene00007430,Target Gene Class A1
WBGene00007440,Target Gene Class B
WBGene00007455,Target Gene Class A1
WBGene00007557,Target Gene Class A2
WBGene00007558,Target Gene Class A2
WBGene00007599,Target Gene Class A1
WBGene00007605,Target Gene Class A2
WBGene00007609,Target Gene Class A1
WBGene00007650,Target Gene Class A1
WBGene00007655,Target Gene Class B
WBGene00007656,Target Gene Class B
WBGene00007672,Target Gene Class A2
WBGene00007689,Target Gene Class B
WBGene00007692,Target Gene Class A1
WBGene00007693,Target Gene Class A1
WBGene00007694,Target Gene Class B
WBGene00007695,Target Gene Class A2
WBGene00007725,Target Gene Class A2
WBGene00007748,Target Gene Class A2
WBGene00007807,Target Gene Class A2
WBGene00007810,Target Gene Class A1
WBGene00007811,Target Gene Class A1
WBGene00007817,Target Gene Class C
WBGene00007833,Target Gene Class B
WBGene00007840,Target Gene Class A2
WBGene00007857,Target Gene Class A2
WBGene00007867,Target Gene Class A1
WBGene00007885,Target Gene Class B
WBGene00007904,Target Gene Class A1
WBGene00007909,Target Gene Class A1
WBGene00007923,Target Gene Class B
WBGene00007928,Target Gene Class B
WBGene00007946,Target Gene Class A1
WBGene00008042,Target Gene Class A1
WBGene00008043,Target Gene Class A1
WBGene00008091,Target Gene Class B
WBGene00008102,Target Gene Class B
WBGene00008123,Target Gene Class A2
WBGene00008167,Target Gene Class A2
WBGene00008194,Target Gene Class A2
WBGene00008199,Target Gene Class B
WBGene00008200,Target Gene Class A2
WBGene00008220,Target Gene Class A2
WBGene00008228,Target Gene Class C
WBGene00008229,Target Gene Class A2
WBGene00008239,Target Gene Class A2
WBGene00008246,Target Gene Class A2
WBGene00008251,Target Gene Class A1
WBGene00008255,Target Gene Class B
WBGene00008265,Target Gene Class B
WBGene00008273,Target Gene Class A2
WBGene00008296,Target Gene Class B
WBGene00008319,Target Gene Class B
WBGene00008341,Target Gene Class A2
WBGene00008354,Target Gene Class A1
WBGene00008359,Target Gene Class A1
WBGene00008372,Target Gene Class B
WBGene00008422,Target Gene Class C
WBGene00008425,Target Gene Class A1
WBGene00008477,Target Gene Class A1
WBGene00008485,Target Gene Class B
WBGene00008486,Target Gene Class B
WBGene00008492,Target Gene Class A2
WBGene00008495,Target Gene Class A1
WBGene00008499,Target Gene Class A2
WBGene00008542,Target Gene Class A1
WBGene00008572,Target Gene Class C
WBGene00008584,Target Gene Class A1
WBGene00008594,Target Gene Class A1
WBGene00008596,Target Gene Class A1
WBGene00008597,Target Gene Class A1
WBGene00008599,Target Gene Class B
WBGene00008602,Target Gene Class B
WBGene00008607,Target Gene Class A2
WBGene00008654,Target Gene Class A2
WBGene00008669,Target Gene Class A1
WBGene00008692,Target Gene Class A2
WBGene00008726,Target Gene Class C
WBGene00008731,Target Gene Class A2
WBGene00008741,Target Gene Class A2
WBGene00008774,Target Gene Class A2
WBGene00008779,Target Gene Class C
WBGene00008780,Target Gene Class C
WBGene00008793,Target Gene Class A1
WBGene00008831,Target Gene Class C
WBGene00008848,Target Gene Class B
WBGene00008849,Target Gene Class B
WBGene00008891,Target Gene Class B
WBGene00008900,Target Gene Class A1
WBGene00008922,Target Gene Class C
WBGene00008944,Target Gene Class C
WBGene00008945,Target Gene Class A2
WBGene00008954,Target Gene Class A2
WBGene00008988,Target Gene Class C
WBGene00009008,Target Gene Class B
WBGene00009061,Target Gene Class B
WBGene00009093,Target Gene Class B
WBGene00009101,Target Gene Class B
WBGene00009102,Target Gene Class B
WBGene00009162,Target Gene Class B
WBGene00009226,Target Gene Class A1
WBGene00009237,Target Gene Class A1
WBGene00009242,Target Gene Class A1
WBGene00009257,Target Gene Class A1
WBGene00009259,Target Gene Class B
WBGene00009291,Target Gene Class A1
WBGene00009293,Target Gene Class C
WBGene00009337,Target Gene Class C
WBGene00009347,Target Gene Class A1
WBGene00009385,Target Gene Class C
WBGene00009389,Target Gene Class A2
WBGene00009393,Target Gene Class B
WBGene00009394,Target Gene Class A2
WBGene00009403,Target Gene Class B
WBGene00009429,Target Gene Class C
WBGene00009432,Target Gene Class B
WBGene00009433,Target Gene Class B
WBGene00009483,Target Gene Class A2
WBGene00009488,Target Gene Class A1
WBGene00009515,Target Gene Class A1
WBGene00009560,Target Gene Class A1
WBGene00009571,Target Gene Class A1
WBGene00009595,Target Gene Class B
WBGene00009773,Target Gene Class A1
WBGene00009777,Target Gene Class A2
WBGene00009798,Target Gene Class B
WBGene00009835,Target Gene Class A2
WBGene00009836,Target Gene Class A1
WBGene00009854,Target Gene Class A1
WBGene00009877,Target Gene Class A1
WBGene00009886,Target Gene Class B
WBGene00009895,Target Gene Class A1
WBGene00009897,Target Gene Class B
WBGene00009902,Target Gene Class B
WBGene00009908,Target Gene Class A1
WBGene00009914,Target Gene Class B
WBGene00009957,Target Gene Class C
WBGene00010006,Target Gene Class C
WBGene00010041,Target Gene Class B
WBGene00010047,Target Gene Class B
WBGene00010049,Target Gene Class A2
WBGene00010070,Target Gene Class A2
WBGene00010072,Target Gene Class A1
WBGene00010086,Target Gene Class A2
WBGene00010116,Target Gene Class A1
WBGene00010117,Target Gene Class B
WBGene00010123,Target Gene Class A1
WBGene00010124,Target Gene Class A1
WBGene00010125,Target Gene Class A1
WBGene00010128,Target Gene Class A1
WBGene00010133,Target Gene Class A1
WBGene00010134,Target Gene Class A2
WBGene00010150,Target Gene Class A1
WBGene00010204,Target Gene Class A2
WBGene00010214,Target Gene Class A2
WBGene00010215,Target Gene Class A2
WBGene00010238,Target Gene Class A1
WBGene00010244,Target Gene Class A1
WBGene00010266,Target Gene Class B
WBGene00010274,Target Gene Class A1
WBGene00010289,Target Gene Class B
WBGene00010293,Target Gene Class B
WBGene00010328,Target Gene Class B
WBGene00010334,Target Gene Class A2
WBGene00010340,Target Gene Class B
WBGene00010341,Target Gene Class B
WBGene00010342,Target Gene Class A1
WBGene00010357,Target Gene Class B
WBGene00010383,Target Gene Class A2
WBGene00010426,Target Gene Class B
WBGene00010456,Target Gene Class A1
WBGene00010589,Target Gene Class B
WBGene00010605,Target Gene Class B
WBGene00010641,Target Gene Class B
WBGene00010657,Target Gene Class A2
WBGene00010658,Target Gene Class C
WBGene00010659,Target Gene Class A1
WBGene00010660,Target Gene Class B
WBGene00010664,Target Gene Class C
WBGene00010684,Target Gene Class A1
WBGene00010745,Target Gene Class A1
WBGene00010746,Target Gene Class A1
WBGene00010747,Target Gene Class B
WBGene00010749,Target Gene Class A1
WBGene00010750,Target Gene Class A2
WBGene00010759,Target Gene Class C
WBGene00010769,Target Gene Class A1
WBGene00010774,Target Gene Class A2
WBGene00010784,Target Gene Class A1
WBGene00010787,Target Gene Class C
WBGene00010822,Target Gene Class A2
WBGene00010828,Target Gene Class B
WBGene00010870,Target Gene Class B
WBGene00010897,Target Gene Class B
WBGene00010899,Target Gene Class C
WBGene00010925,Target Gene Class A2
WBGene00010977,Target Gene Class B
WBGene00010994,Target Gene Class C
WBGene00011006,Target Gene Class A1
WBGene00011076,Target Gene Class A1
WBGene00011083,Target Gene Class A2
WBGene00011094,Target Gene Class A1
WBGene00011102,Target Gene Class A1
WBGene00011167,Target Gene Class A1
WBGene00011181,Target Gene Class A1
WBGene00011182,Target Gene Class A2
WBGene00011207,Target Gene Class A2
WBGene00011212,Target Gene Class A1
WBGene00011217,Target Gene Class A1
WBGene00011222,Target Gene Class A1
WBGene00011262,Target Gene Class A1
WBGene00011268,Target Gene Class C
WBGene00011292,Target Gene Class C
WBGene00011321,Target Gene Class A1
WBGene00011330,Target Gene Class A2
WBGene00011364,Target Gene Class A2
WBGene00011374,Target Gene Class A1
WBGene00011399,Target Gene Class B
WBGene00011423,Target Gene Class B
WBGene00011427,Target Gene Class B
WBGene00011430,Target Gene Class A1
WBGene00011437,Target Gene Class A1
WBGene00011480,Target Gene Class B
WBGene00011487,Target Gene Class A1
WBGene00011495,Target Gene Class A1
WBGene00011524,Target Gene Class C
WBGene00011571,Target Gene Class C
WBGene00011578,Target Gene Class A1
WBGene00011638,Target Gene Class B
WBGene00011672,Target Gene Class C
WBGene00011725,Target Gene Class B
WBGene00011733,Target Gene Class A1
WBGene00011737,Target Gene Class B
WBGene00011756,Target Gene Class C
WBGene00011801,Target Gene Class A1
WBGene00011803,Target Gene Class A1
WBGene00011821,Target Gene Class A2
WBGene00011835,Target Gene Class B
WBGene00011844,Target Gene Class B
WBGene00011852,Target Gene Class A2
WBGene00011853,Target Gene Class B
WBGene00011893,Target Gene Class A1
WBGene00011932,Target Gene Class B
WBGene00011936,Target Gene Class A1
WBGene00012017,Target Gene Class B
WBGene00012018,Target Gene Class A2
WBGene00012070,Target Gene Class A1
WBGene00012101,Target Gene Class B
WBGene00012144,Target Gene Class B
WBGene00012162,Target Gene Class B
WBGene00012182,Target Gene Class C
WBGene00012201,Target Gene Class A1
WBGene00012241,Target Gene Class C
WBGene00012251,Target Gene Class A1
WBGene00012253,Target Gene Class A1
WBGene00012295,Target Gene Class B
WBGene00012319,Target Gene Class B
WBGene00012323,Target Gene Class B
WBGene00012332,Target Gene Class A1
WBGene00012360,Target Gene Class C
WBGene00012387,Target Gene Class B
WBGene00012404,Target Gene Class A1
WBGene00012407,Target Gene Class A1
WBGene00012445,Target Gene Class A2
WBGene00012464,Target Gene Class B
WBGene00012467,Target Gene Class B
WBGene00012472,Target Gene Class C
WBGene00012518,Target Gene Class B
WBGene00012525,Target Gene Class B
WBGene00012529,Target Gene Class A2
WBGene00012531,Target Gene Class A2
WBGene00012533,Target Gene Class A1
WBGene00012582,Target Gene Class A2
WBGene00012629,Target Gene Class B
WBGene00012634,Target Gene Class C
WBGene00012664,Target Gene Class B
WBGene00012668,Target Gene Class C
WBGene00012699,Target Gene Class A2
WBGene00012782,Target Gene Class A2
WBGene00012791,Target Gene Class C
WBGene00012802,Target Gene Class A1
WBGene00012834,Target Gene Class A1
WBGene00012968,Target Gene Class A1
WBGene00012970,Target Gene Class A1
WBGene00012972,Target Gene Class C
WBGene00013025,Target Gene Class B
WBGene00013037,Target Gene Class A1
WBGene00013073,Target Gene Class B
WBGene00013080,Target Gene Class A2
WBGene00013101,Target Gene Class A1
WBGene00013118,Target Gene Class A2
WBGene00013119,Target Gene Class A2
WBGene00013167,Target Gene Class A1
WBGene00013189,Target Gene Class C
WBGene00013197,Target Gene Class B
WBGene00013207,Target Gene Class A1
WBGene00013227,Target Gene Class A2
WBGene00013228,Target Gene Class C
WBGene00013257,Target Gene Class A2
WBGene00013295,Target Gene Class B
WBGene00013448,Target Gene Class B
WBGene00013484,Target Gene Class B
WBGene00013544,Target Gene Class A1
WBGene00013559,Target Gene Class B
WBGene00013567,Target Gene Class C
WBGene00013602,Target Gene Class C
WBGene00013637,Target Gene Class A2
WBGene00013650,Target Gene Class A1
WBGene00013716,Target Gene Class A2
WBGene00013750,Target Gene Class A1
WBGene00013822,Target Gene Class A2
WBGene00013836,Target Gene Class B
WBGene00013837,Target Gene Class B
WBGene00013874,Target Gene Class A1
WBGene00013900,Target Gene Class A2
WBGene00013901,Target Gene Class A2
WBGene00013906,Target Gene Class A1
WBGene00013947,Target Gene Class C
WBGene00013976,Target Gene Class A1
WBGene00013996,Target Gene Class A2
WBGene00014057,Target Gene Class A2
WBGene00014063,Target Gene Class A1
WBGene00014106,Target Gene Class B
WBGene00014136,Target Gene Class A2
WBGene00014137,Target Gene Class B
WBGene00014138,Target Gene Class A1
WBGene00014164,Target Gene Class B
WBGene00014193,Target Gene Class B
WBGene00014194,Target Gene Class B
WBGene00014252,Target Gene Class A1
WBGene00014669,Target Gene Class A2
WBGene00015047,Target Gene Class A1
WBGene00015048,Target Gene Class B
WBGene00015050,Target Gene Class A2
WBGene00015110,Target Gene Class A2
WBGene00015116,Target Gene Class A1
WBGene00015119,Target Gene Class B
WBGene00015206,Target Gene Class B
WBGene00015220,Target Gene Class B
WBGene00015279,Target Gene Class A1
WBGene00015284,Target Gene Class A2
WBGene00015338,Target Gene Class A1
WBGene00015342,Target Gene Class A1
WBGene00015362,Target Gene Class C
WBGene00015400,Target Gene Class A2
WBGene00015403,Target Gene Class A1
WBGene00015469,Target Gene Class A1
WBGene00015471,Target Gene Class A2
WBGene00015561,Target Gene Class B
WBGene00015565,Target Gene Class A1
WBGene00015598,Target Gene Class B
WBGene00015602,Target Gene Class A2
WBGene00015605,Target Gene Class C
WBGene00015608,Target Gene Class A2
WBGene00015677,Target Gene Class C
WBGene00015687,Target Gene Class C
WBGene00015693,Target Gene Class C
WBGene00015695,Target Gene Class C
WBGene00015701,Target Gene Class B
WBGene00015713,Target Gene Class A2
WBGene00015728,Target Gene Class A1
WBGene00015759,Target Gene Class A1
WBGene00015768,Target Gene Class A1
WBGene00015783,Target Gene Class A1
WBGene00015784,Target Gene Class A1
WBGene00015789,Target Gene Class A1
WBGene00015800,Target Gene Class C
WBGene00015823,Target Gene Class C
WBGene00015829,Target Gene Class B
WBGene00015889,Target Gene Class A1
WBGene00015913,Target Gene Class A2
WBGene00015928,Target Gene Class B
WBGene00015933,Target Gene Class A1
WBGene00015947,Target Gene Class B
WBGene00015955,Target Gene Class C
WBGene00015956,Target Gene Class A2
WBGene00015988,Target Gene Class C
WBGene00016004,Target Gene Class A2
WBGene00016027,Target Gene Class A1
WBGene00016048,Target Gene Class A1
WBGene00016052,Target Gene Class A1
WBGene00016061,Target Gene Class A2
WBGene00016064,Target Gene Class B
WBGene00016066,Target Gene Class B
WBGene00016074,Target Gene Class C
WBGene00016111,Target Gene Class C
WBGene00016134,Target Gene Class A1
WBGene00016191,Target Gene Class A2
WBGene00016217,Target Gene Class A1
WBGene00016218,Target Gene Class B
WBGene00016219,Target Gene Class B
WBGene00016274,Target Gene Class C
WBGene00016302,Target Gene Class B
WBGene00016315,Target Gene Class C
WBGene00016335,Target Gene Class A2
WBGene00016379,Target Gene Class B
WBGene00016425,Target Gene Class A2
WBGene00016431,Target Gene Class A1
WBGene00016450,Target Gene Class A2
WBGene00016542,Target Gene Class B
WBGene00016544,Target Gene Class A2
WBGene00016556,Target Gene Class A1
WBGene00016599,Target Gene Class B
WBGene00016705,Target Gene Class A1
WBGene00016757,Target Gene Class A2
WBGene00016758,Target Gene Class A1
WBGene00016759,Target Gene Class C
WBGene00016845,Target Gene Class A2
WBGene00016883,Target Gene Class A2
WBGene00016888,Target Gene Class C
WBGene00016912,Target Gene Class A1
WBGene00016934,Target Gene Class B
WBGene00016939,Target Gene Class A2
WBGene00016976,Target Gene Class C
WBGene00016987,Target Gene Class C
WBGene00016997,Target Gene Class C
WBGene00017027,Target Gene Class A1
WBGene00017071,Target Gene Class A1
WBGene00017093,Target Gene Class A1
WBGene00017241,Target Gene Class C
WBGene00017257,Target Gene Class A2
WBGene00017291,Target Gene Class A1
WBGene00017302,Target Gene Class B
WBGene00017332,Target Gene Class A1
WBGene00017334,Target Gene Class C
WBGene00017369,Target Gene Class A1
WBGene00017398,Target Gene Class A2
WBGene00017427,Target Gene Class A2
WBGene00017434,Target Gene Class A2
WBGene00017443,Target Gene Class A2
WBGene00017448,Target Gene Class B
WBGene00017449,Target Gene Class B
WBGene00017498,Target Gene Class A1
WBGene00017501,Target Gene Class A2
WBGene00017515,Target Gene Class A1
WBGene00017522,Target Gene Class B
WBGene00017574,Target Gene Class A1
WBGene00017592,Target Gene Class A2
WBGene00017612,Target Gene Class A1
WBGene00017625,Target Gene Class A2
WBGene00017651,Target Gene Class B
WBGene00017667,Target Gene Class A2
WBGene00017678,Target Gene Class B
WBGene00017687,Target Gene Class A2
WBGene00017691,Target Gene Class A1
WBGene00017726,Target Gene Class C
WBGene00017765,Target Gene Class A1
WBGene00017771,Target Gene Class A1
WBGene00017837,Target Gene Class B
WBGene00017881,Target Gene Class A1
WBGene00017892,Target Gene Class B
WBGene00017905,Target Gene Class A2
WBGene00017957,Target Gene Class A2
WBGene00017969,Target Gene Class A2
WBGene00017971,Target Gene Class B
WBGene00018024,Target Gene Class C
WBGene00018036,Target Gene Class A2
WBGene00018138,Target Gene Class A2
WBGene00018146,Target Gene Class A1
WBGene00018152,Target Gene Class B
WBGene00018195,Target Gene Class A1
WBGene00018200,Target Gene Class A1
WBGene00018207,Target Gene Class B
WBGene00018226,Target Gene Class B
WBGene00018241,Target Gene Class A2
WBGene00018274,Target Gene Class C
WBGene00018280,Target Gene Class B
WBGene00018283,Target Gene Class C
WBGene00018314,Target Gene Class C
WBGene00018343,Target Gene Class A2
WBGene00018350,Target Gene Class A2
WBGene00018353,Target Gene Class B
WBGene00018384,Target Gene Class A1
WBGene00018398,Target Gene Class B
WBGene00018435,Target Gene Class A1
WBGene00018466,Target Gene Class A1
WBGene00018547,Target Gene Class B
WBGene00018595,Target Gene Class C
WBGene00018602,Target Gene Class A1
WBGene00018636,Target Gene Class C
WBGene00018645,Target Gene Class A1
WBGene00018646,Target Gene Class A2
WBGene00018683,Target Gene Class A1
WBGene00018704,Target Gene Class B
WBGene00018708,Target Gene Class A1
WBGene00018731,Target Gene Class A1
WBGene00018732,Target Gene Class C
WBGene00018760,Target Gene Class A1
WBGene00018779,Target Gene Class A1
WBGene00018806,Target Gene Class C
WBGene00018823,Target Gene Class A1
WBGene00018886,Target Gene Class A2
WBGene00018903,Target Gene Class C
WBGene00018907,Target Gene Class A2
WBGene00018931,Target Gene Class A2
WBGene00018971,Target Gene Class A2
WBGene00018991,Target Gene Class C
WBGene00019014,Target Gene Class A2
WBGene00019017,Target Gene Class A2
WBGene00019068,Target Gene Class A1
WBGene00019097,Target Gene Class A1
WBGene00019100,Target Gene Class C
WBGene00019104,Target Gene Class A1
WBGene00019105,Target Gene Class A1
WBGene00019127,Target Gene Class B
WBGene00019164,Target Gene Class A1
WBGene00019166,Target Gene Class B
WBGene00019211,Target Gene Class C
WBGene00019215,Target Gene Class A1
WBGene00019225,Target Gene Class A2
WBGene00019261,Target Gene Class A1
WBGene00019273,Target Gene Class B
WBGene00019327,Target Gene Class C
WBGene00019344,Target Gene Class B
WBGene00019351,Target Gene Class B
WBGene00019368,Target Gene Class A1
WBGene00019373,Target Gene Class B
WBGene00019411,Target Gene Class C
WBGene00019445,Target Gene Class A1
WBGene00019493,Target Gene Class A2
WBGene00019549,Target Gene Class A1
WBGene00019564,Target Gene Class C
WBGene00019579,Target Gene Class A2
WBGene00019590,Target Gene Class A1
WBGene00019617,Target Gene Class A1
WBGene00019618,Target Gene Class A1
WBGene00019619,Target Gene Class A1
WBGene00019624,Target Gene Class C
WBGene00019645,Target Gene Class C
WBGene00019668,Target Gene Class A1
WBGene00019674,Target Gene Class A1
WBGene00019682,Target Gene Class A2
WBGene00019699,Target Gene Class A1
WBGene00019720,Target Gene Class A2
WBGene00019738,Target Gene Class A2
WBGene00019743,Target Gene Class C
WBGene00019748,Target Gene Class A1
WBGene00019770,Target Gene Class C
WBGene00019779,Target Gene Class A1
WBGene00019803,Target Gene Class A2
WBGene00019830,Target Gene Class A2
WBGene00019844,Target Gene Class B
WBGene00019869,Target Gene Class A1
WBGene00019894,Target Gene Class C
WBGene00019895,Target Gene Class A2
WBGene00019914,Target Gene Class A1
WBGene00019917,Target Gene Class B
WBGene00019931,Target Gene Class B
WBGene00019957,Target Gene Class A2
WBGene00019962,Target Gene Class B
WBGene00019978,Target Gene Class A2
WBGene00019986,Target Gene Class A1
WBGene00020022,Target Gene Class A1
WBGene00020034,Target Gene Class A1
WBGene00020080,Target Gene Class A1
WBGene00020094,Target Gene Class C
WBGene00020128,Target Gene Class B
WBGene00020139,Target Gene Class A1
WBGene00020182,Target Gene Class A2
WBGene00020191,Target Gene Class A1
WBGene00020247,Target Gene Class A1
WBGene00020256,Target Gene Class A2
WBGene00020258,Target Gene Class A2
WBGene00020280,Target Gene Class A2
WBGene00020325,Target Gene Class B
WBGene00020326,Target Gene Class A1
WBGene00020340,Target Gene Class A2
WBGene00020357,Target Gene Class B
WBGene00020359,Target Gene Class A2
WBGene00020378,Target Gene Class A1
WBGene00020393,Target Gene Class A1
WBGene00020401,Target Gene Class A1
WBGene00020449,Target Gene Class A2
WBGene00020453,Target Gene Class A2
WBGene00020455,Target Gene Class B
WBGene00020456,Target Gene Class B
WBGene00020472,Target Gene Class B
WBGene00020532,Target Gene Class B
WBGene00020574,Target Gene Class A1
WBGene00020576,Target Gene Class A2
WBGene00020577,Target Gene Class A1
WBGene00020579,Target Gene Class A2
WBGene00020631,Target Gene Class A1
WBGene00020662,Target Gene Class A1
WBGene00020728,Target Gene Class A1
WBGene00020736,Target Gene Class C
WBGene00020741,Target Gene Class A1
WBGene00020770,Target Gene Class B
WBGene00020771,Target Gene Class B
WBGene00020786,Target Gene Class C
WBGene00020788,Target Gene Class A1
WBGene00020791,Target Gene Class B
WBGene00020799,Target Gene Class A1
WBGene00020847,Target Gene Class A1
WBGene00020938,Target Gene Class A1
WBGene00020943,Target Gene Class A1
WBGene00020989,Target Gene Class A1
WBGene00021048,Target Gene Class B
WBGene00021060,Target Gene Class A1
WBGene00021082,Target Gene Class B
WBGene00021121,Target Gene Class C
WBGene00021160,Target Gene Class A1
WBGene00021167,Target Gene Class A2
WBGene00021178,Target Gene Class B
WBGene00021190,Target Gene Class A1
WBGene00021262,Target Gene Class A2
WBGene00021281,Target Gene Class A1
WBGene00021321,Target Gene Class A1
WBGene00021322,Target Gene Class B
WBGene00021325,Target Gene Class B
WBGene00021352,Target Gene Class B
WBGene00021396,Target Gene Class B
WBGene00021496,Target Gene Class C
WBGene00021500,Target Gene Class B
WBGene00021503,Target Gene Class A1
WBGene00021519,Target Gene Class C
WBGene00021535,Target Gene Class B
WBGene00021583,Target Gene Class A2
WBGene00021585,Target Gene Class C
WBGene00021586,Target Gene Class A1
WBGene00021587,Target Gene Class A1
WBGene00021589,Target Gene Class C
WBGene00021590,Target Gene Class B
WBGene00021602,Target Gene Class B
WBGene00021635,Target Gene Class B
WBGene00021768,Target Gene Class B
WBGene00021772,Target Gene Class A1
WBGene00021814,Target Gene Class A2
WBGene00021820,Target Gene Class B
WBGene00021852,Target Gene Class A1
WBGene00021860,Target Gene Class A2
WBGene00021872,Target Gene Class A1
WBGene00021879,Target Gene Class A2
WBGene00022061,Target Gene Class A1
WBGene00022178,Target Gene Class B
WBGene00022181,Target Gene Class A2
WBGene00022200,Target Gene Class A2
WBGene00022203,Target Gene Class C
WBGene00022246,Target Gene Class A2
WBGene00022261,Target Gene Class A2
WBGene00022275,Target Gene Class B
WBGene00022276,Target Gene Class A1
WBGene00022326,Target Gene Class B
WBGene00022337,Target Gene Class A2
WBGene00022345,Target Gene Class A2
WBGene00022346,Target Gene Class A2
WBGene00022382,Target Gene Class B
WBGene00022411,Target Gene Class A1
WBGene00022413,Target Gene Class A2
WBGene00022487,Target Gene Class A1
WBGene00022497,Target Gene Class B
WBGene00022505,Target Gene Class C
WBGene00022515,Target Gene Class A1
WBGene00022562,Target Gene Class A2
WBGene00022571,Target Gene Class A1
WBGene00022597,Target Gene Class A1
WBGene00022610,Target Gene Class A2
WBGene00022615,Target Gene Class C
WBGene00022642,Target Gene Class A1
WBGene00022643,Target Gene Class A1
WBGene00022644,Target Gene Class B
WBGene00022721,Target Gene Class B
WBGene00022736,Target Gene Class C
WBGene00022782,Target Gene Class C
WBGene00022816,Target Gene Class A1
WBGene00022830,Target Gene Class B
WBGene00022868,Target Gene Class A1
WBGene00022870,Target Gene Class A1
WBGene00023423,Target Gene Class C
WBGene00023432,Target Gene Class A2
WBGene00023485,Target Gene Class A2
WBGene00043983,Target Gene Class A2
WBGene00044045,Target Gene Class A1
WBGene00044107,Target Gene Class A2
WBGene00044206,Target Gene Class A1
WBGene00044280,Target Gene Class C
WBGene00044291,Target Gene Class A1
WBGene00044296,Target Gene Class A1
WBGene00044381,Target Gene Class A1
WBGene00044382,Target Gene Class A1
WBGene00044403,Target Gene Class A2
WBGene00044421,Target Gene Class A1
WBGene00044455,Target Gene Class A1
WBGene00044457,Target Gene Class A1
WBGene00044458,Target Gene Class B
WBGene00044469,Target Gene Class A1
WBGene00044481,Target Gene Class A1
WBGene00044485,Target Gene Class A1
WBGene00044488,Target Gene Class A1
WBGene00044500,Target Gene Class C
WBGene00044611,Target Gene Class C
WBGene00044672,Target Gene Class B
WBGene00044696,Target Gene Class A1
WBGene00044707,Target Gene Class B
WBGene00044761,Target Gene Class A2
WBGene00044770,Target Gene Class B
WBGene00044776,Target Gene Class A2
WBGene00044792,Target Gene Class A1
WBGene00044807,Target Gene Class A1
WBGene00044990,Target Gene Class A1
WBGene00045013,Target Gene Class A2
WBGene00045048,Target Gene Class C
WBGene00045252,Target Gene Class A1
WBGene00045305,Target Gene Class C
WBGene00045365,Target Gene Class A1
WBGene00045397,Target Gene Class A2
WBGene00045455,Target Gene Class A1
WBGene00045457,Target Gene Class B
WBGene00050899,Target Gene Class A1
WBGene00050967,Target Gene Class A1
WBGene00077757,Target Gene Class A1
WBGene00077783,Target Gene Class A1
WBGene00077786,Target Gene Class A1
WBGene00185092,Target Gene Class A1
WBGene00189950,Target Gene Class A1
WBGene00194687,Target Gene Class A2
WBGene00194689,Target Gene Class B
WBGene00194713,Target Gene Class C
WBGene00194742,Target Gene Class A1
WBGene00194815,Target Gene Class A2
WBGene00194848,Target Gene Class A1
WBGene00195077,Target Gene Class B
WBGene00195145,Target Gene Class A2
WBGene00202511,Target Gene Class B
WBGene00206354,Target Gene Class B
WBGene00206381,Target Gene Class B
WBGene00206413,Target Gene Class A1
WBGene00219216,Target Gene Class B
WBGene00219283,Target Gene Class A1
WBGene00219316,Target Gene Class A1
WBGene00219376,Target Gene Class A1
WBGene00235133,Target Gene Class A2
WBGene00235352,Target Gene Class A2
