WBGeneID,intestine_dev_cluster
WBGene00000142,Adult
WBGene00000182,Embryonic
WBGene00000382,Adult
WBGene00000391,L1
WBGene00000522,Post-embryonic
WBGene00000871,Adult
WBGene00000931,Adult
WBGene00000970,Embryonic
WBGene00001019,Embryonic
WBGene00001094,Post-embryonic
WBGene00001193,Embryonic
WBGene00001228,Adult
WBGene00001508,Embryonic
WBGene00001563,Embryonic
WBGene00001564,L1
WBGene00001602,Post-embryonic
WBGene00001620,Post-embryonic
WBGene00002007,Post-embryonic
WBGene00002023,Embryonic
WBGene00002146,Embryonic
WBGene00002231,Adult
WBGene00002850,Adult
WBGene00002855,Adult
WBGene00002980,Embryonic
WBGene00002982,Embryonic
WBGene00002985,Adult
WBGene00003010,Embryonic
WBGene00003026,Post-embryonic
WBGene00003043,Embryonic
WBGene00003053,Adult
WBGene00003096,Post-embryonic
WBGene00003160,Adult
WBGene00003214,Post-embryonic
WBGene00003526,Embryonic
WBGene00003640,Embryonic
WBGene00003690,L1
WBGene00003695,L1
WBGene00003769,L1
WBGene00003800,Adult
WBGene00003828,Post-embryonic
WBGene00003831,Post-embryonic
WBGene00003870,Adult
WBGene00003931,Embryonic
WBGene00004059,Embryonic
WBGene00004202,Embryonic
WBGene00004267,Embryonic
WBGene00004303,Post-embryonic
WBGene00004310,Embryonic
WBGene00004425,Post-embryonic
WBGene00004426,Post-embryonic
WBGene00004431,L1
WBGene00004437,Adult
WBGene00004443,Post-embryonic
WBGene00004452,Post-embryonic
WBGene00004454,L1
WBGene00004460,Adult
WBGene00005007,Adult
WBGene00006404,Post-embryonic
WBGene00006467,Embryonic
WBGene00006510,Adult
WBGene00006635,Embryonic
WBGene00006724,Post-embryonic
WBGene00006739,Embryonic
WBGene00007107,Embryonic
WBGene00007112,Post-embryonic
WBGene00007129,Post-embryonic
WBGene00007130,Embryonic
WBGene00007131,Embryonic
WBGene00007153,Post-embryonic
WBGene00007185,Embryonic
WBGene00007186,Adult
WBGene00007219,L1
WBGene00007223,Embryonic
WBGene00007228,Embryonic
WBGene00007333,Adult
WBGene00007336,Post-embryonic
WBGene00007349,Embryonic
WBGene00007350,Post-embryonic
WBGene00007362,Post-embryonic
WBGene00007368,Embryonic
WBGene00007385,Post-embryonic
WBGene00007400,Adult
WBGene00007422,Post-embryonic
WBGene00007429,Adult
WBGene00007455,Post-embryonic
WBGene00007463,Post-embryonic
WBGene00007508,Adult
WBGene00007533,Embryonic
WBGene00007565,Post-embryonic
WBGene00007573,Adult
WBGene00007579,Adult
WBGene00007588,Post-embryonic
WBGene00007599,Post-embryonic
WBGene00007605,Post-embryonic
WBGene00007609,L1
WBGene00007616,Adult
WBGene00007617,Post-embryonic
WBGene00007621,Adult
WBGene00007637,Adult
WBGene00007650,Post-embryonic
WBGene00007653,Embryonic
WBGene00007698,Post-embryonic
WBGene00007711,Adult
WBGene00007784,Adult
WBGene00007807,Post-embryonic
WBGene00007812,Embryonic
WBGene00007824,Post-embryonic
WBGene00007867,Embryonic
WBGene00007880,Post-embryonic
WBGene00007881,Embryonic
WBGene00007923,Embryonic
WBGene00007927,Adult
WBGene00007942,Post-embryonic
WBGene00007952,Adult
WBGene00007969,Post-embryonic
WBGene00008034,Adult
WBGene00008042,Post-embryonic
WBGene00008043,Post-embryonic
WBGene00008052,Adult
WBGene00008053,Post-embryonic
WBGene00008102,Embryonic
WBGene00008110,Embryonic
WBGene00008117,Post-embryonic
WBGene00008131,Adult
WBGene00008143,Adult
WBGene00008167,Post-embryonic
WBGene00008195,Embryonic
WBGene00008197,Adult
WBGene00008220,Post-embryonic
WBGene00008226,Embryonic
WBGene00008228,Embryonic
WBGene00014999,Embryonic
WBGene00015009,Adult
WBGene00015010,Embryonic
WBGene00015011,Adult
WBGene00015021,Adult
WBGene00015022,Adult
WBGene00015025,Post-embryonic
WBGene00015047,L1
WBGene00015052,Post-embryonic
WBGene00015064,Post-embryonic
WBGene00015115,Embryonic
WBGene00015116,Post-embryonic
WBGene00015122,Embryonic
WBGene00015133,Embryonic
WBGene00015141,L1
WBGene00015146,Adult
WBGene00015181,Embryonic
WBGene00015196,Post-embryonic
WBGene00015205,Embryonic
WBGene00015217,Embryonic
WBGene00015248,Adult
WBGene00015291,Post-embryonic
WBGene00015311,Embryonic
WBGene00015336,Embryonic
WBGene00015400,Post-embryonic
WBGene00015403,Post-embryonic
WBGene00015469,Post-embryonic
WBGene00015480,Embryonic
WBGene00015488,Embryonic
WBGene00015510,Embryonic
WBGene00015561,Embryonic
WBGene00015565,Post-embryonic
WBGene00015569,Embryonic
WBGene00015577,Adult
WBGene00015621,Embryonic
WBGene00015635,Adult
WBGene00015671,Embryonic
WBGene00015756,Post-embryonic
WBGene00015759,Post-embryonic
WBGene00015777,Embryonic
WBGene00015779,Embryonic
WBGene00015789,Embryonic
WBGene00015790,L1
WBGene00015793,Embryonic
WBGene00015803,Embryonic
WBGene00015811,Adult
WBGene00015814,Post-embryonic
WBGene00015823,Post-embryonic
WBGene00015866,Embryonic
WBGene00015887,Post-embryonic
WBGene00015906,Embryonic
WBGene00015933,Post-embryonic
WBGene00015938,Adult
WBGene00015949,Embryonic
WBGene00015955,L1
WBGene00016011,Post-embryonic
WBGene00016022,Embryonic
WBGene00016027,Post-embryonic
WBGene00016038,Embryonic
WBGene00016045,Adult
WBGene00016046,Embryonic
WBGene00016052,L1
WBGene00016062,Adult
WBGene00016068,Embryonic
WBGene00016134,L1
WBGene00016144,Post-embryonic
WBGene00016146,Embryonic
WBGene00016173,Adult
WBGene00016194,Post-embryonic
WBGene00016195,Post-embryonic
WBGene00016204,Post-embryonic
WBGene00016218,Embryonic
WBGene00016234,Embryonic
WBGene00016249,Embryonic
WBGene00016266,Post-embryonic
WBGene00016278,Embryonic
WBGene00016292,Embryonic
WBGene00016316,Embryonic
WBGene00016318,Embryonic
WBGene00016321,Embryonic
WBGene00016323,Adult
WBGene00016332,Embryonic
WBGene00016379,Post-embryonic
WBGene00016393,Post-embryonic
WBGene00016404,Embryonic
WBGene00016408,Post-embryonic
WBGene00016412,Adult
WBGene00016425,Post-embryonic
WBGene00016449,Embryonic
WBGene00016456,Embryonic
WBGene00016494,Embryonic
WBGene00016542,Embryonic
WBGene00016564,Adult
WBGene00016590,Adult
WBGene00016594,Post-embryonic
WBGene00016611,Embryonic
WBGene00016632,Adult
WBGene00016644,Post-embryonic
WBGene00016653,Adult
WBGene00016721,L1
WBGene00016738,L1
WBGene00016838,Embryonic
WBGene00023491,Embryonic
WBGene00043156,Embryonic
WBGene00044291,Embryonic
WBGene00044326,Adult
WBGene00044608,Embryonic
WBGene00045461,Embryonic
WBGene00050944,Embryonic
WBGene00000172,Embryonic
WBGene00000219,Post-embryonic
WBGene00000248,Embryonic
WBGene00000263,Embryonic
WBGene00000266,Embryonic
WBGene00000298,Post-embryonic
WBGene00000302,Embryonic
WBGene00000381,L1
WBGene00000397,Embryonic
WBGene00000673,Post-embryonic
WBGene00000781,Post-embryonic
WBGene00000899,Embryonic
WBGene00000988,Post-embryonic
WBGene00001057,Post-embryonic
WBGene00001240,Post-embryonic
WBGene00001243,Post-embryonic
WBGene00001244,Post-embryonic
WBGene00001303,Adult
WBGene00001331,Embryonic
WBGene00001371,Adult
WBGene00001426,Embryonic
WBGene00001498,Post-embryonic
WBGene00001500,L1
WBGene00001506,Embryonic
WBGene00001754,Post-embryonic
WBGene00001851,L1
WBGene00001983,Adult
WBGene00002055,Post-embryonic
WBGene00002075,Adult
WBGene00002124,Embryonic
WBGene00002169,Adult
WBGene00002241,Adult
WBGene00002255,Embryonic
WBGene00002632,Embryonic
WBGene00003235,Embryonic
WBGene00003607,Embryonic
WBGene00003958,Embryonic
WBGene00003990,Embryonic
WBGene00004020,Post-embryonic
WBGene00004056,Embryonic
WBGene00004096,L1
WBGene00004186,Post-embryonic
WBGene00004204,Embryonic
WBGene00004205,Adult
WBGene00004258,Post-embryonic
WBGene00004317,Embryonic
WBGene00004337,Adult
WBGene00004423,L1
WBGene00004447,L1
WBGene00004478,L1
WBGene00004492,L1
WBGene00004495,Post-embryonic
WBGene00004501,Post-embryonic
WBGene00004704,Adult
WBGene00004755,Embryonic
WBGene00004788,Embryonic
WBGene00004898,Post-embryonic
WBGene00004917,Embryonic
WBGene00004931,Post-embryonic
WBGene00005003,Post-embryonic
WBGene00006407,Embryonic
WBGene00006432,Post-embryonic
WBGene00006517,Embryonic
WBGene00006574,Adult
WBGene00006578,Embryonic
WBGene00006626,Post-embryonic
WBGene00006715,Adult
WBGene00006730,Adult
WBGene00006732,Adult
WBGene00006817,Adult
WBGene00006831,Embryonic
WBGene00008237,Embryonic
WBGene00008255,Embryonic
WBGene00008258,Embryonic
WBGene00008262,Post-embryonic
WBGene00008263,Embryonic
WBGene00008277,Embryonic
WBGene00008338,Adult
WBGene00008341,Embryonic
WBGene00008354,Adult
WBGene00008408,Post-embryonic
WBGene00008415,L1
WBGene00008436,Post-embryonic
WBGene00008438,L1
WBGene00008477,Embryonic
WBGene00008492,Post-embryonic
WBGene00008499,Post-embryonic
WBGene00008506,Post-embryonic
WBGene00008519,Embryonic
WBGene00008528,Embryonic
WBGene00008542,Embryonic
WBGene00008563,Embryonic
WBGene00008564,Post-embryonic
WBGene00008567,Post-embryonic
WBGene00008582,Embryonic
WBGene00008584,Post-embryonic
WBGene00008642,Adult
WBGene00008645,Adult
WBGene00008681,Embryonic
WBGene00008687,Embryonic
WBGene00008742,Embryonic
WBGene00008765,Post-embryonic
WBGene00008768,Post-embryonic
WBGene00008803,L1
WBGene00008865,Embryonic
WBGene00008880,Embryonic
WBGene00008891,L1
WBGene00008905,Post-embryonic
WBGene00008915,L1
WBGene00008917,Embryonic
WBGene00008948,Adult
WBGene00008973,Post-embryonic
WBGene00008974,Embryonic
WBGene00008975,Embryonic
WBGene00009004,Embryonic
WBGene00009006,Adult
WBGene00009012,Adult
WBGene00009057,Post-embryonic
WBGene00009119,Post-embryonic
WBGene00009162,Embryonic
WBGene00009165,Embryonic
WBGene00009187,Post-embryonic
WBGene00009189,Post-embryonic
WBGene00009211,Post-embryonic
WBGene00009212,Embryonic
WBGene00009237,Post-embryonic
WBGene00009262,Embryonic
WBGene00009272,Adult
WBGene00009277,Embryonic
WBGene00009347,Post-embryonic
WBGene00009367,Embryonic
WBGene00009369,Post-embryonic
WBGene00009393,Post-embryonic
WBGene00009396,Post-embryonic
WBGene00009397,Embryonic
WBGene00009429,Post-embryonic
WBGene00009430,Post-embryonic
WBGene00009434,Post-embryonic
WBGene00009436,Post-embryonic
WBGene00009448,Adult
WBGene00009450,Post-embryonic
WBGene00009454,Post-embryonic
WBGene00009482,Embryonic
WBGene00009503,Embryonic
WBGene00009518,Post-embryonic
WBGene00009531,Post-embryonic
WBGene00009565,Adult
WBGene00009620,L1
WBGene00009627,Adult
WBGene00016844,Adult
WBGene00016871,Embryonic
WBGene00016892,Embryonic
WBGene00016893,Adult
WBGene00016912,Post-embryonic
WBGene00016913,Embryonic
WBGene00016990,Adult
WBGene00017004,Embryonic
WBGene00017023,Adult
WBGene00017045,Embryonic
WBGene00017119,Adult
WBGene00017120,Embryonic
WBGene00017121,Embryonic
WBGene00017123,Embryonic
WBGene00017125,Adult
WBGene00017162,Adult
WBGene00017163,Post-embryonic
WBGene00017166,Post-embryonic
WBGene00017184,Embryonic
WBGene00017210,L1
WBGene00017238,Embryonic
WBGene00017240,Embryonic
WBGene00017244,Post-embryonic
WBGene00017269,Adult
WBGene00017273,Embryonic
WBGene00017286,Post-embryonic
WBGene00017289,Embryonic
WBGene00017291,L1
WBGene00017300,Adult
WBGene00017326,Embryonic
WBGene00017340,Post-embryonic
WBGene00017374,Embryonic
WBGene00017385,Embryonic
WBGene00017437,Embryonic
WBGene00017445,Embryonic
WBGene00017448,Embryonic
WBGene00017480,Post-embryonic
WBGene00017490,Post-embryonic
WBGene00017498,Post-embryonic
WBGene00017500,Post-embryonic
WBGene00017501,Post-embryonic
WBGene00017536,Embryonic
WBGene00017565,Post-embryonic
WBGene00017574,Embryonic
WBGene00017591,Post-embryonic
WBGene00017592,Post-embryonic
WBGene00017640,Embryonic
WBGene00017641,Adult
WBGene00017643,Adult
WBGene00017659,Embryonic
WBGene00017675,L1
WBGene00017678,Post-embryonic
WBGene00017688,Embryonic
WBGene00017719,Post-embryonic
WBGene00017727,Post-embryonic
WBGene00017734,Post-embryonic
WBGene00017735,Embryonic
WBGene00017742,Embryonic
WBGene00017765,Post-embryonic
WBGene00017775,Post-embryonic
WBGene00017780,Adult
WBGene00017789,Post-embryonic
WBGene00017825,Adult
WBGene00017830,Adult
WBGene00017874,Post-embryonic
WBGene00017901,L1
WBGene00017920,Embryonic
WBGene00017925,Adult
WBGene00017926,Post-embryonic
WBGene00017954,Embryonic
WBGene00017964,Post-embryonic
WBGene00017969,Embryonic
WBGene00017971,Embryonic
WBGene00017993,Embryonic
WBGene00017996,Adult
WBGene00017997,Adult
WBGene00017999,Embryonic
WBGene00018006,Adult
WBGene00018008,Adult
WBGene00018018,Embryonic
WBGene00018146,Post-embryonic
WBGene00018150,Embryonic
WBGene00018181,Adult
WBGene00018195,Post-embryonic
WBGene00018242,Embryonic
WBGene00018286,Adult
WBGene00018290,Adult
WBGene00018339,Post-embryonic
WBGene00018341,Post-embryonic
WBGene00018342,Post-embryonic
WBGene00044071,Embryonic
WBGene00044666,Embryonic
WBGene00045245,Adult
WBGene00077701,Post-embryonic
WBGene00000018,Embryonic
WBGene00000079,Embryonic
WBGene00000098,Adult
WBGene00000107,Post-embryonic
WBGene00000122,Embryonic
WBGene00000164,Embryonic
WBGene00000195,Embryonic
WBGene00000222,Embryonic
WBGene00000236,Adult
WBGene00000282,Post-embryonic
WBGene00000535,Adult
WBGene00000774,Embryonic
WBGene00000784,Post-embryonic
WBGene00000789,L1
WBGene00000904,Embryonic
WBGene00000977,Post-embryonic
WBGene00000991,Post-embryonic
WBGene00000996,Adult
WBGene00001032,Embryonic
WBGene00001073,Embryonic
WBGene00001149,Post-embryonic
WBGene00001153,Embryonic
WBGene00001251,Embryonic
WBGene00001476,L1
WBGene00001523,Embryonic
WBGene00001572,Embryonic
WBGene00001584,Adult
WBGene00001585,Adult
WBGene00001681,Embryonic
WBGene00001753,L1
WBGene00001784,L1
WBGene00001794,Post-embryonic
WBGene00001812,Post-embryonic
WBGene00001990,Embryonic
WBGene00001996,Embryonic
WBGene00002021,Post-embryonic
WBGene00002148,Adult
WBGene00002271,Post-embryonic
WBGene00002344,Embryonic
WBGene00003093,Post-embryonic
WBGene00003148,Post-embryonic
WBGene00003374,Embryonic
WBGene00003391,Adult
WBGene00003473,L1
WBGene00003577,Adult
WBGene00003602,Embryonic
WBGene00003619,Embryonic
WBGene00003646,Embryonic
WBGene00003750,L1
WBGene00003829,Post-embryonic
WBGene00003844,Embryonic
WBGene00003877,Embryonic
WBGene00003986,Embryonic
WBGene00004078,Embryonic
WBGene00004305,Adult
WBGene00004312,Adult
WBGene00004369,Embryonic
WBGene00004439,Post-embryonic
WBGene00004470,Post-embryonic
WBGene00004768,Adult
WBGene00004798,Adult
WBGene00004807,Embryonic
WBGene00004809,L1
WBGene00004955,Adult
WBGene00004999,Post-embryonic
WBGene00005655,Embryonic
WBGene00006059,Embryonic
WBGene00006373,Embryonic
WBGene00006392,Embryonic
WBGene00006402,Adult
WBGene00006530,Post-embryonic
WBGene00006726,Adult
WBGene00006874,Embryonic
WBGene00006890,L1
WBGene00006925,Adult
WBGene00006948,Embryonic
WBGene00006978,Embryonic
WBGene00007008,Adult
WBGene00009674,Embryonic
WBGene00009691,L1
WBGene00009692,L1
WBGene00009722,L1
WBGene00009741,Embryonic
WBGene00009745,Embryonic
WBGene00009778,Post-embryonic
WBGene00009818,Embryonic
WBGene00009882,Embryonic
WBGene00009925,Embryonic
WBGene00009945,Embryonic
WBGene00009947,L1
WBGene00009952,Post-embryonic
WBGene00009966,Adult
WBGene00009973,Embryonic
WBGene00009980,Post-embryonic
WBGene00010028,Embryonic
WBGene00010037,Embryonic
WBGene00010041,Post-embryonic
WBGene00010042,Adult
WBGene00010049,Post-embryonic
WBGene00010052,Post-embryonic
WBGene00010063,L1
WBGene00010086,Embryonic
WBGene00010113,Embryonic
WBGene00010115,Embryonic
WBGene00010123,L1
WBGene00010124,Post-embryonic
WBGene00010130,Embryonic
WBGene00010189,Embryonic
WBGene00010198,Adult
WBGene00010232,Adult
WBGene00010238,Post-embryonic
WBGene00010274,Embryonic
WBGene00010280,Post-embryonic
WBGene00010317,Post-embryonic
WBGene00010325,Adult
WBGene00010328,Embryonic
WBGene00010336,Embryonic
WBGene00010337,Embryonic
WBGene00010374,Embryonic
WBGene00010399,Post-embryonic
WBGene00010407,L1
WBGene00010440,Post-embryonic
WBGene00010456,Post-embryonic
WBGene00010471,L1
WBGene00010496,Embryonic
WBGene00010500,Embryonic
WBGene00010502,Adult
WBGene00010567,Embryonic
WBGene00010572,Embryonic
WBGene00010579,Embryonic
WBGene00010583,Adult
WBGene00010597,Post-embryonic
WBGene00010629,Adult
WBGene00010631,Adult
WBGene00010665,Adult
WBGene00010671,Embryonic
WBGene00010697,Adult
WBGene00010780,Post-embryonic
WBGene00010793,Post-embryonic
WBGene00010813,Embryonic
WBGene00010870,Embryonic
WBGene00010879,L1
WBGene00010890,Post-embryonic
WBGene00010897,Post-embryonic
WBGene00010901,Post-embryonic
WBGene00010904,Adult
WBGene00010924,Embryonic
WBGene00010993,Embryonic
WBGene00011015,Post-embryonic
WBGene00011060,L1
WBGene00011064,Post-embryonic
WBGene00011073,Embryonic
WBGene00018386,Embryonic
WBGene00018393,Embryonic
WBGene00018395,Post-embryonic
WBGene00018409,Adult
WBGene00018422,Embryonic
WBGene00018426,Post-embryonic
WBGene00018431,Adult
WBGene00018467,Embryonic
WBGene00018475,Adult
WBGene00018483,Adult
WBGene00018488,Post-embryonic
WBGene00018491,Post-embryonic
WBGene00018517,Embryonic
WBGene00018520,Embryonic
WBGene00018532,Embryonic
WBGene00018604,Post-embryonic
WBGene00018616,Post-embryonic
WBGene00018634,Embryonic
WBGene00018635,Post-embryonic
WBGene00018645,Post-embryonic
WBGene00018704,Embryonic
WBGene00018724,Post-embryonic
WBGene00018725,Embryonic
WBGene00018730,L1
WBGene00018731,Post-embryonic
WBGene00018758,Embryonic
WBGene00018760,L1
WBGene00018763,Embryonic
WBGene00018765,Embryonic
WBGene00018793,Adult
WBGene00018823,Post-embryonic
WBGene00018864,Adult
WBGene00018897,Adult
WBGene00018911,Post-embryonic
WBGene00018935,Adult
WBGene00018951,Post-embryonic
WBGene00018958,Embryonic
WBGene00018971,Post-embryonic
WBGene00019003,Adult
WBGene00019060,Embryonic
WBGene00019061,Post-embryonic
WBGene00019097,Adult
WBGene00019102,Embryonic
WBGene00019105,Post-embryonic
WBGene00019164,Post-embryonic
WBGene00019168,Post-embryonic
WBGene00019203,Adult
WBGene00019209,Embryonic
WBGene00019227,Embryonic
WBGene00019261,Post-embryonic
WBGene00019298,L1
WBGene00019320,Embryonic
WBGene00019322,Post-embryonic
WBGene00019344,Embryonic
WBGene00019351,Adult
WBGene00019373,Embryonic
WBGene00019381,Embryonic
WBGene00019433,Post-embryonic
WBGene00019435,Embryonic
WBGene00019456,Embryonic
WBGene00019477,Embryonic
WBGene00019492,Post-embryonic
WBGene00019543,Post-embryonic
WBGene00019572,Post-embryonic
WBGene00019605,Post-embryonic
WBGene00019607,Adult
WBGene00019620,Post-embryonic
WBGene00019644,Embryonic
WBGene00019673,Adult
WBGene00019680,Embryonic
WBGene00019682,Post-embryonic
WBGene00019711,Adult
WBGene00019738,Post-embryonic
WBGene00019744,Post-embryonic
WBGene00019760,Embryonic
WBGene00019779,L1
WBGene00019813,Embryonic
WBGene00019824,Adult
WBGene00019830,Post-embryonic
WBGene00019892,Embryonic
WBGene00019900,Post-embryonic
WBGene00019902,Embryonic
WBGene00019904,Embryonic
WBGene00019914,Post-embryonic
WBGene00044107,Embryonic
WBGene00044305,Adult
WBGene00044607,Post-embryonic
WBGene00044696,Post-embryonic
WBGene00044737,Post-embryonic
WBGene00044792,Embryonic
WBGene00077559,Embryonic
WBGene00000155,Post-embryonic
WBGene00000163,Adult
WBGene00000184,Embryonic
WBGene00000215,Post-embryonic
WBGene00000217,Post-embryonic
WBGene00000377,L1
WBGene00000378,Post-embryonic
WBGene00000390,Embryonic
WBGene00000502,Adult
WBGene00000691,L1
WBGene00000776,Adult
WBGene00000785,Post-embryonic
WBGene00000858,Embryonic
WBGene00000984,Embryonic
WBGene00000993,Post-embryonic
WBGene00001040,Adult
WBGene00001058,Post-embryonic
WBGene00001227,Post-embryonic
WBGene00001394,Post-embryonic
WBGene00001395,Post-embryonic
WBGene00001396,Adult
WBGene00001497,Post-embryonic
WBGene00001577,Embryonic
WBGene00001749,Post-embryonic
WBGene00001761,Post-embryonic
WBGene00001808,Embryonic
WBGene00001843,Post-embryonic
WBGene00001993,Post-embryonic
WBGene00002001,Post-embryonic
WBGene00002015,L1
WBGene00002020,L1
WBGene00002116,Post-embryonic
WBGene00002137,Embryonic
WBGene00002138,Embryonic
WBGene00002183,Post-embryonic
WBGene00002187,Embryonic
WBGene00002259,Post-embryonic
WBGene00002273,Post-embryonic
WBGene00002804,Post-embryonic
WBGene00003474,Post-embryonic
WBGene00003596,L1
WBGene00003975,Embryonic
WBGene00003989,Adult
WBGene00004023,Post-embryonic
WBGene00004138,Embryonic
WBGene00004184,Embryonic
WBGene00004199,Adult
WBGene00004271,Embryonic
WBGene00004464,Adult
WBGene00004474,Post-embryonic
WBGene00004485,Embryonic
WBGene00004986,Post-embryonic
WBGene00004988,Post-embryonic
WBGene00004989,Post-embryonic
WBGene00004990,Post-embryonic
WBGene00006910,Embryonic
WBGene00006911,Embryonic
WBGene00006931,Adult
WBGene00011119,Post-embryonic
WBGene00011181,Post-embryonic
WBGene00011205,Adult
WBGene00011222,Post-embryonic
WBGene00011235,Post-embryonic
WBGene00011247,Embryonic
WBGene00011250,Adult
WBGene00011274,Post-embryonic
WBGene00011303,Embryonic
WBGene00011309,Embryonic
WBGene00011313,Embryonic
WBGene00011319,Adult
WBGene00011330,Post-embryonic
WBGene00011335,Embryonic
WBGene00011399,Adult
WBGene00011404,Embryonic
WBGene00011427,Embryonic
WBGene00011439,Embryonic
WBGene00011444,Embryonic
WBGene00011487,Post-embryonic
WBGene00011543,Post-embryonic
WBGene00011559,Post-embryonic
WBGene00011564,Embryonic
WBGene00011571,Post-embryonic
WBGene00011584,Post-embryonic
WBGene00011625,Adult
WBGene00011661,Embryonic
WBGene00011707,Embryonic
WBGene00011730,L1
WBGene00011733,Post-embryonic
WBGene00011740,Embryonic
WBGene00011743,Adult
WBGene00011767,Embryonic
WBGene00011801,L1
WBGene00011850,L1
WBGene00011856,Post-embryonic
WBGene00011869,L1
WBGene00011912,Adult
WBGene00011917,Embryonic
WBGene00011936,Post-embryonic
WBGene00011962,Embryonic
WBGene00011966,Embryonic
WBGene00011976,Adult
WBGene00011979,Post-embryonic
WBGene00012000,Embryonic
WBGene00012037,Post-embryonic
WBGene00012059,Adult
WBGene00012113,Embryonic
WBGene00012122,Embryonic
WBGene00012144,Embryonic
WBGene00012149,Adult
WBGene00012185,Adult
WBGene00012193,Embryonic
WBGene00012221,Embryonic
WBGene00012243,Adult
WBGene00012251,Post-embryonic
WBGene00012253,Post-embryonic
WBGene00012258,L1
WBGene00012316,Post-embryonic
WBGene00012326,Embryonic
WBGene00012339,Post-embryonic
WBGene00012354,Post-embryonic
WBGene00012361,Post-embryonic
WBGene00012369,Embryonic
WBGene00012434,Embryonic
WBGene00012436,Embryonic
WBGene00012462,Post-embryonic
WBGene00013654,Post-embryonic
WBGene00013693,Embryonic
WBGene00013716,Embryonic
WBGene00013761,Embryonic
WBGene00013805,Embryonic
WBGene00019937,Embryonic
WBGene00019957,Post-embryonic
WBGene00019963,Embryonic
WBGene00019978,Post-embryonic
WBGene00019983,Post-embryonic
WBGene00020007,Embryonic
WBGene00020036,Post-embryonic
WBGene00020037,Adult
WBGene00020038,Post-embryonic
WBGene00020112,Adult
WBGene00020137,Embryonic
WBGene00020193,Adult
WBGene00020216,Post-embryonic
WBGene00020275,Post-embryonic
WBGene00020299,Embryonic
WBGene00020314,Adult
WBGene00020347,Post-embryonic
WBGene00020366,L1
WBGene00020378,Embryonic
WBGene00020383,Adult
WBGene00020389,Embryonic
WBGene00020417,Adult
WBGene00020471,Post-embryonic
WBGene00020500,Adult
WBGene00020511,Post-embryonic
WBGene00020517,Post-embryonic
WBGene00020549,Post-embryonic
WBGene00020557,Post-embryonic
WBGene00020576,Embryonic
WBGene00020633,Embryonic
WBGene00020647,Adult
WBGene00020662,Post-embryonic
WBGene00020687,Adult
WBGene00020703,L1
WBGene00020709,Adult
WBGene00020718,Adult
WBGene00020736,Embryonic
WBGene00020738,Embryonic
WBGene00020812,L1
WBGene00020847,Post-embryonic
WBGene00020867,Embryonic
WBGene00020909,Post-embryonic
WBGene00020954,Post-embryonic
WBGene00020994,Embryonic
WBGene00021024,Embryonic
WBGene00021026,Post-embryonic
WBGene00021074,Adult
WBGene00021128,Post-embryonic
WBGene00021149,Embryonic
WBGene00022412,Embryonic
WBGene00022415,Embryonic
WBGene00022455,Post-embryonic
WBGene00022456,Adult
WBGene00022470,Embryonic
WBGene00022490,Post-embryonic
WBGene00022497,Post-embryonic
WBGene00044026,Post-embryonic
WBGene00044206,Post-embryonic
WBGene00044330,Embryonic
WBGene00044767,Embryonic
WBGene00000178,Adult
WBGene00000179,Adult
WBGene00000536,Post-embryonic
WBGene00000765,Adult
WBGene00000812,Embryonic
WBGene00000830,Embryonic
WBGene00000831,Embryonic
WBGene00000835,Embryonic
WBGene00000879,L1
WBGene00000883,Post-embryonic
WBGene00000973,L1
WBGene00001088,Embryonic
WBGene00001224,Embryonic
WBGene00001758,Post-embryonic
WBGene00001768,Embryonic
WBGene00001776,Post-embryonic
WBGene00001793,Post-embryonic
WBGene00002016,L1
WBGene00002269,Post-embryonic
WBGene00002981,Embryonic
WBGene00003022,Adult
WBGene00003161,Adult
WBGene00003164,Adult
WBGene00003652,Embryonic
WBGene00003660,Embryonic
WBGene00003676,Embryonic
WBGene00003704,Post-embryonic
WBGene00003712,Embryonic
WBGene00003773,Embryonic
WBGene00003806,Adult
WBGene00003928,Post-embryonic
WBGene00003941,Embryonic
WBGene00003949,Post-embryonic
WBGene00003956,L1
WBGene00004024,L1
WBGene00004053,Embryonic
WBGene00004164,Embryonic
WBGene00004192,Post-embryonic
WBGene00004320,Adult
WBGene00004449,Post-embryonic
WBGene00004468,Adult
WBGene00004810,Post-embryonic
WBGene00004891,Embryonic
WBGene00004919,Embryonic
WBGene00004981,Post-embryonic
WBGene00005077,Embryonic
WBGene00006367,Embryonic
WBGene00006396,Embryonic
WBGene00006410,Embryonic
WBGene00006565,Post-embryonic
WBGene00006590,Adult
WBGene00006755,Embryonic
WBGene00006918,Embryonic
WBGene00006936,Post-embryonic
WBGene00007000,Embryonic
WBGene00007022,Adult
WBGene00012554,Embryonic
WBGene00012583,Post-embryonic
WBGene00012608,Post-embryonic
WBGene00012646,Embryonic
WBGene00012652,Post-embryonic
WBGene00012668,Embryonic
WBGene00012722,Post-embryonic
WBGene00012747,Post-embryonic
WBGene00012762,Adult
WBGene00012766,Post-embryonic
WBGene00012768,Post-embryonic
WBGene00012780,Embryonic
WBGene00012782,Post-embryonic
WBGene00012803,Post-embryonic
WBGene00012823,Embryonic
WBGene00012825,Embryonic
WBGene00012829,Embryonic
WBGene00012830,Adult
WBGene00012834,Post-embryonic
WBGene00012853,Embryonic
WBGene00012885,L1
WBGene00012932,Post-embryonic
WBGene00012968,L1
WBGene00012978,Post-embryonic
WBGene00013020,Embryonic
WBGene00013037,Post-embryonic
WBGene00013109,Post-embryonic
WBGene00013139,Adult
WBGene00013176,Post-embryonic
WBGene00013197,Embryonic
WBGene00013203,Embryonic
WBGene00013210,Post-embryonic
WBGene00013216,Post-embryonic
WBGene00013225,Embryonic
WBGene00013237,Adult
WBGene00013238,Adult
WBGene00013239,Adult
WBGene00013259,Embryonic
WBGene00013284,L1
WBGene00013308,Post-embryonic
WBGene00013317,Embryonic
WBGene00013358,Post-embryonic
WBGene00013406,Adult
WBGene00013497,Embryonic
WBGene00013532,Adult
WBGene00013550,Post-embryonic
WBGene00013567,Adult
WBGene00013577,L1
WBGene00013857,Adult
WBGene00013866,L1
WBGene00013904,Post-embryonic
WBGene00013906,Embryonic
WBGene00013968,Post-embryonic
WBGene00013985,Embryonic
WBGene00013997,Post-embryonic
WBGene00014003,Post-embryonic
WBGene00014004,Embryonic
WBGene00014022,Adult
WBGene00014057,Post-embryonic
WBGene00014058,L1
WBGene00014079,Embryonic
WBGene00014089,Embryonic
WBGene00014120,Adult
WBGene00014141,Embryonic
WBGene00014172,Adult
WBGene00014177,Adult
WBGene00014202,L1
WBGene00014251,Post-embryonic
WBGene00014252,Post-embryonic
WBGene00014253,Post-embryonic
WBGene00021160,Adult
WBGene00021170,Adult
WBGene00021313,Embryonic
WBGene00021322,Post-embryonic
WBGene00021323,Embryonic
WBGene00021325,Post-embryonic
WBGene00021331,Embryonic
WBGene00021334,Embryonic
WBGene00021352,Adult
WBGene00021355,Post-embryonic
WBGene00021396,Embryonic
WBGene00021427,Embryonic
WBGene00021503,Post-embryonic
WBGene00021518,Post-embryonic
WBGene00021549,Embryonic
WBGene00021638,Post-embryonic
WBGene00021644,Embryonic
WBGene00021647,Post-embryonic
WBGene00021648,Embryonic
WBGene00021756,Embryonic
WBGene00021768,Post-embryonic
WBGene00021817,Embryonic
WBGene00021830,Post-embryonic
WBGene00021845,Adult
WBGene00021852,L1
WBGene00021870,Embryonic
WBGene00021879,Post-embryonic
WBGene00021883,Post-embryonic
WBGene00021906,Embryonic
WBGene00021934,L1
WBGene00022045,Embryonic
WBGene00022130,Embryonic
WBGene00022253,Adult
WBGene00022276,Post-embryonic
WBGene00022306,Embryonic
WBGene00022369,Adult
WBGene00022515,Embryonic
WBGene00022562,Post-embryonic
WBGene00022597,Post-embryonic
WBGene00022598,Adult
WBGene00022620,Adult
WBGene00022642,Post-embryonic
WBGene00022644,Post-embryonic
WBGene00022666,Embryonic
WBGene00022673,Adult
WBGene00022678,Embryonic
WBGene00022722,Post-embryonic
WBGene00022759,Adult
WBGene00022765,Post-embryonic
WBGene00022766,Post-embryonic
WBGene00022787,Adult
WBGene00022793,Post-embryonic
WBGene00022794,Adult
WBGene00022830,Adult
WBGene00022864,Embryonic
WBGene00044468,Post-embryonic
WBGene00044488,Post-embryonic
WBGene00044745,Embryonic
WBGene00045397,Embryonic
WBGene00194917,Embryonic
